"Pics","PicCount","MLS#","County/Incorporated City","Status","Class","PropType","Address","City","Acres #","DOM","List Ofc 1 - OfcCode","List Date","List Price","Closed Date","# Baths","# Beds","Total SQ. FT."
"//cdnparap110.paragonrels.com/ParagonImages/Property/P11/CAAR/632914/0/120/90/1108f8b741a6f1758914683124eb55dc/3/7a259b0d0c385ddbd3148bc72be97a30/632914.JPG","11","632914","005","SLD","RE","DETCH","1601 MONTICELLO RD","CHARLOTTESVILLE","0.15","6","K10844","7/20/2022","$159,000","9/12/2022","1.00","2","616"
"//cdnparap110.paragonrels.com/ParagonImages/Property/P11/CAAR/631392/0/120/90/7bf816ea466cb7a8be19aab339e19b54/3/379180d93ff4f8b3028dcbc4580ef90a/631392.JPG","15","631392","005","SLD","RE","DETCH","304 PALATINE AVE","CHARLOTTESVILLE","0.12","83","K24307","6/8/2022","$259,000","9/20/2022","1.00","2","638"
"//cdnparap110.paragonrels.com/ParagonImages/Property/P11/CAAR/634172/0/120/90/edec700e25bdcf358f3eb14ce6f1085a/3/e604a7d75efa35f2b1d6be153b2dc45d/634172.JPG","20","634172","001","SLD","RE","DETCH","1949 SWEET HOLLOW LN","CHARLOTTESVILLE","2.37","7","K1142","8/28/2022","$235,000","10/21/2022","2.00","4","1,897"
"//cdnparap110.paragonrels.com/ParagonImages/Property/P11/CAAR/631554/0/120/90/45e2dbebee3eece8bcd60d043072c8a6/3/8e4190a921a119774d4f329bcb234318/631554.JPG","24","631554","001","SLD","RE","DETCH","4694 WATTS PASSAGE","CHARLOTTESVILLE","0.76","34","K68","6/12/2022","$269,900","9/9/2022","1.00","3","960"
"//cdnparap110.paragonrels.com/ParagonImages/Property/P11/CAAR/632918/0/120/90/185f84124caa6d1e6a5a6d22b4b976a1/3/fd40d6819d7971fadd79b0a307c44869/632918.JPG","9","632918","005","SLD","RE","DETCH","1607 MONTICELLO RD","CHARLOTTESVILLE","0.31","6","K10844","7/20/2022","$259,000","9/12/2022","1.00","2","896"
"//cdnparap110.paragonrels.com/ParagonImages/Property/P11/CAAR/632811/0/120/90/6fd0fe070f8caa11f1da8e49d10a82a9/3/29f5274701008d4166970c89f8b25ea9/632811.JPG","6","632811","005","SLD","RE","DETCH","1309 EARLY ST","CHARLOTTESVILLE","0.18","24","K10336","7/17/2022","$279,000","9/9/2022","1.00","2","576"
"//cdnparap110.paragonrels.com/ParagonImages/Property/P11/CAAR/633377/0/120/90/4bea825665035dbb586c8f8e209a2380/3/2bdbfeceef4c496fe633a6e042061bb3/633377.JPG","34","633377","005","SLD","RE","DETCH","922 MONTICELLO AVE","CHARLOTTESVILLE","0.12","7","K1142","8/4/2022","$275,000","9/20/2022","2.00","2","1,392"
"//cdnparap110.paragonrels.com/ParagonImages/Property/P11/CAAR/636018/0/120/90/dc277035521def4c4f6986eaafd77a91/3/9b73384bc732ca047835b4547c38c0eb/636018.JPG","34","636018","005","SLD","RE","DETCH","2308 CENTER AVE","CHARLOTTESVILLE","0.23","3","K10844","10/25/2022","$285,000","11/18/2022","2.00","2","2,325"
"//cdnparap110.paragonrels.com/ParagonImages/Property/P11/CAAR/631483/0/120/90/f0e27a848e378ea9d23d36ee65054d55/3/e504732f6dfdea50ffa69acaec2683ba/631483.JPG","46","631483","001","SLD","RE","DETCH","1107 DRY BRIDGE RD","CHARLOTTESVILLE","1.54","106","K454","6/9/2022","$299,000","10/27/2022","1.00","3","2,428"
"//cdnparap110.paragonrels.com/ParagonImages/Property/P11/CAAR/632417/0/120/90/f97fd3d29b7ccdd319b8cea717cb277d/3/e4e915c144937f93055fa9dd18d5488d/632417.JPG","48","632417","005","SLD","RE","DETCH","1513 CHERRY AVE","CHARLOTTESVILLE","0.30","71","K10582","7/6/2022","$324,900","10/26/2022","1.00","2","851"
"//cdnparap110.paragonrels.com/ParagonImages/Property/P11/CAAR/635404/0/120/90/90ee34825d1987c3953b786c39d69827/3/eb7b5f2ca24cbeaa5e0ff652c02aee28/635404.JPG","56","635404","001","SLD","RE","DETCH","4211 CHRIS GREENE LAKE RD","CHARLOTTESVILLE","0.48","7","K10582","10/5/2022","$300,000","11/16/2022","1.00","2","2,016"
"//cdnparap110.paragonrels.com/ParagonImages/Property/P11/CAAR/634193/0/120/90/6150470344f9945f2519c4ca64f36c24/3/fe15eb70cee493b50ae47285f769bf77/634193.JPG","49","634193","001","SLD","RE","DETCH","2217 DOMINION DR","CHARLOTTESVILLE","0.30","6","K10582","8/29/2022","$285,000","10/14/2022","3.00","3","2,958"
"//cdnparap110.paragonrels.com/ParagonImages/Property/P11/CAAR/629207/0/120/90/a73ae449e804628a69a495fcda836d2a/3/6ed099aa38c878006497a224d2c326c1/629207.JPG","26","629207","005","SLD","RE","DETCH","411 MOBILE LN","CHARLOTTESVILLE","0.19","87","K94","4/19/2022","$315,000","9/1/2022","1.00","3","1,406"
"//cdnparap110.paragonrels.com/ParagonImages/Property/P11/CAAR/634303/0/120/90/9a67e3ac4f3e152d48a2220e04911644/3/72f75281b66ecd33ebdd5c5f680b5715/634303.JPG","48","634303","005","SLD","RE","DETCH","1414 MONTICELLO RD","CHARLOTTESVILLE","0.19","8","K12109","9/1/2022","$349,000","10/11/2022","2.00","3","884"
"//cdnparap110.paragonrels.com/ParagonImages/Property/P11/CAAR/633185/0/120/90/cc526f06108c1243d5a92bc75f0f3cea/3/0bc1b7d689224bba9002d2865b9c4e16/633185.JPG","75","633185","005","SLD","RE","DETCH","928 RIVES ST","CHARLOTTESVILLE","0.31","39","K1088","7/28/2022","$354,900","10/18/2022","1.00","3","2,158"
"//cdnparap110.paragonrels.com/ParagonImages/Property/P11/CAAR/635100/0/120/90/8c24f7bf85c34efe374513e1d95b3365/3/2372849c10a1eb8ec122bec868b2c000/635100.JPG","22","635100","005","SLD","RE","DETCH","1527 BROAD AVE","CHARLOTTESVILLE","0.23","19","K67","9/24/2022","$369,500","11/22/2022","2.00","4","3,063"
"//cdnparap110.paragonrels.com/ParagonImages/Property/P11/CAAR/634680/0/120/90/373e7bea0d9a9efda8585557eef6bc37/3/d7613cacd529be7cceefa0057ca84ffc/634680.JPG","44","634680","001","SLD","RE","DETCH","1483 MONTEREY DR","CHARLOTTESVILLE","0.12","12","K1142","9/13/2022","$345,000","10/27/2022","2.00","3","1,985"
"//cdnparap110.paragonrels.com/ParagonImages/Property/P11/CAAR/633792/0/120/90/9882ac737cdb96a617ef58b2a24c2613/3/ac8798cf83d4b3ede1fd89df1f84e02b/633792.JPG","11","633792","005","SLD","RE","DETCH","138 STRIBLING AVE","CHARLOTTESVILLE","0.18","8","K1213","8/16/2022","$358,000","9/29/2022","1.00","3","1,998"
"//cdnparap110.paragonrels.com/ParagonImages/Property/P11/CAAR/633659/0/120/90/ea8466ee881ad152d8b00872e214290c/3/5951c1c1a93d9fa872b2d3d654816bda/633659.JPG","36","633659","001","SLD","RE","DETCH","114 COMMONWEALTH CIR","CHARLOTTESVILLE","0.37","7","K48","8/11/2022","$325,000","9/29/2022","2.50","3","2,050"
"//cdnparap110.paragonrels.com/ParagonImages/Property/P11/CAAR/634053/0/120/90/1057713f7ebd464462801e206a0c6c18/3/bc7eeeb54c77595f650719cd3395d27e/634053.JPG","43","634053","001","SLD","RE","DETCH","114 WEST PARK DR","CHARLOTTESVILLE","0.25","5","K1083","8/24/2022","$345,000","9/28/2022","1.00","2","1,920"
"//cdnparap110.paragonrels.com/ParagonImages/Property/P11/CAAR/634300/0/120/90/0c70d55081b79945e640a952ed1b911e/3/cdb3e3c42a1d273cdc67bc80771d2765/634300.JPG","40","634300","005","SLD","RE","DETCH","1032 CARLTON AVE","CHARLOTTESVILLE","0.14","7","K10857","8/31/2022","$349,900","10/20/2022","1.00","2","818"
"//cdnparap110.paragonrels.com/ParagonImages/Property/P11/CAAR/634123/0/120/90/ed12c31d888ebc231c7d6eca250a0e29/3/022601af36d589a0bcd12e42d76dfaba/634123.JPG","32","634123","001","SLD","RE","DETCH","2931 BROOKMERE CT","CHARLOTTESVILLE","0.86","4","K454","8/26/2022","$350,000","10/24/2022","3.00","5","3,060"
"//cdnparap110.paragonrels.com/ParagonImages/Property/P11/CAAR/631267/0/120/90/eba9d2282552288313818c2e3c88c8b1/3/93c1eb8130275a236dc1f128516b20aa/631267.JPG","36","631267","001","SLD","RE","DETCH","156 MILL CREEK DR","CHARLOTTESVILLE","0.35","28","K1142","6/6/2022","$375,000","9/1/2022","2.00","3","1,253"
"//cdnparap110.paragonrels.com/ParagonImages/Property/P11/CAAR/632531/0/120/90/bf586de629800432a4200b5752a8b616/3/04ae69ac1c39aa853520a1168ae70b32/632531.JPG","58","632531","005","SLD","RE","DETCH","1628 CENTER AVE","CHARLOTTESVILLE","0.17","96","K135","7/8/2022","$399,000","10/27/2022","3.50","3","3,129"
"//cdnparap110.paragonrels.com/ParagonImages/Property/P11/CAAR/633631/0/120/90/67a33f3c6ad93eeb3b7847231466df0b/3/1d62d75ad456a8f11b77b411e6685285/633631.JPG","48","633631","001","SLD","RE","DETCH","1140 PEN PARK LN","CHARLOTTESVILLE","0.69","13","K1083","8/11/2022","$379,000","10/17/2022","2.00","2","1,976"
"//cdnparap110.paragonrels.com/ParagonImages/Property/P11/CAAR/634498/0/120/90/62262aa2133533554199f4278924b794/3/a341acbded0ab8ef3f4af39a3f20338d/634498.JPG","25","634498","005","SLD","RE","DETCH","1122 FOREST HILLS AVE","CHARLOTTESVILLE","0.27","29","K1142","9/7/2022","$385,000","11/10/2022","2.00","4","1,898"
"//cdnparap110.paragonrels.com/ParagonImages/Property/P11/CAAR/633890/0/120/90/c07fe1d414a8aad29581363ed3881e93/3/c8d47449c1ec26e7a0bc28dda1f31814/633890.JPG","39","633890","005","SLD","RE","DETCH","618 MOSELEY DR","CHARLOTTESVILLE","0.20","1","K1322","8/19/2022","$375,000","9/12/2022","1.50","3","2,320"
"//cdnparap110.paragonrels.com/ParagonImages/Property/P11/CAAR/634422/0/120/90/5ab4b013c8c729caa32734af9f22845a/3/31e63736b7cad35e4398914ec93dc7d5/634422.JPG","22","634422","005","SLD","RE","DETCH","708 SHAMROCK RD","CHARLOTTESVILLE","0.24","1","K1249","9/6/2022","$299,000","10/6/2022","1.50","3","2,018"
"//cdnparap110.paragonrels.com/ParagonImages/Property/P11/CAAR/634610/0/120/90/51c679bd538777a2f2b36389e8f9fa49/3/00145c50fb55161fe7fe5dd7c9a78f05/634610.JPG","24","634610","005","SLD","RE","DETCH","304 NE 12TH ST","CHARLOTTESVILLE","0.18","5","K1142","9/12/2022","$375,000","10/26/2022","1.00","2","968"
"//cdnparap110.paragonrels.com/ParagonImages/Property/P11/CAAR/632080/0/120/90/f39a214db028f396ef56df6118f36d89/3/3ccbd8f1422a1304021013e6ca556721/632080.JPG","44","632080","001","SLD","RE","DETCH","1989 ARROWHEAD VALLEY RD","CHARLOTTESVILLE","2.15","65","K10404","6/24/2022","$369,900","10/12/2022","2.00","4","2,085"
"//cdnparap110.paragonrels.com/ParagonImages/Property/P11/CAAR/633630/0/120/90/abb2bac0027a1be86a61eaf121ad266a/3/aa674335e15b638d53955e5f4c07aea5/633630.JPG","24","633630","005","SLD","RE","DETCH","1213 HOLMES AVE","CHARLOTTESVILLE","0.17","3","K12041","8/11/2022","$380,000","9/27/2022","2.00","3","1,089"
"//cdnparap110.paragonrels.com/ParagonImages/Property/P11/CAAR/634582/0/120/90/2c28c2bf7112074a0aafccdc6dd9c527/3/f2537cd3ace6242fa962610394a6e3fa/634582.JPG","14","634582","005","SLD","RE","DETCH","725 MONTICELLO AVE","CHARLOTTESVILLE","0.13","6","K323","9/9/2022","$349,000","10/13/2022","1.00","2","989"
"//cdnparap110.paragonrels.com/ParagonImages/Property/P11/CAAR/634210/0/120/90/335728db23c97adb80f8ec7c547ef126/3/c474f41e0ea89cf7aa6e77ccc90291fb/634210.JPG","58","634210","005","SLD","RE","DETCH","2115 TARLETON DR","CHARLOTTESVILLE","0.44","6","K454","8/29/2022","$379,500","10/4/2022","3.00","4","2,690"
"//cdnparap110.paragonrels.com/ParagonImages/Property/P11/CAAR/634494/0/120/90/d8ea38a35a8c24edac34e3df738f8163/3/484c77b214759ee49982dd58d404332a/634494.JPG","32","634494","005","SLD","RE","DETCH","704 NW 12TH ST","CHARLOTTESVILLE","0.12","22","K454","9/7/2022","$385,000","11/15/2022","2.00","2","1,560"
"//cdnparap110.paragonrels.com/ParagonImages/Property/P11/CAAR/633519/0/120/90/7cac6d40710654e95376ea5ae9e9c761/3/f2899e23573978eda6dd4b1d016fe633/633519.JPG","37","633519","005","SLD","RE","DETCH","2204 WAYNE AVE","CHARLOTTESVILLE","0.33","41","K67","8/8/2022","$400,000","10/25/2022","2.00","3","2,688"
"//cdnparap110.paragonrels.com/ParagonImages/Property/P11/CAAR/631925/0/120/90/8196f5878f1fd2c42be107d12d195790/3/b32e2ba35c02d3c69ac5a2d25bd5096f/631925.JPG","13","631925","001","SLD","RE","DETCH","2762 GELLETLY RD","CHARLOTTESVILLE","3.06","55","K67","6/23/2022","$399,500","9/14/2022","3.00","4","2,784"
"//cdnparap110.paragonrels.com/ParagonImages/Property/P11/CAAR/633795/0/120/90/910cc1486c05bf89e021560c93b902d7/3/9793535d71a30b3a166b90a99e9ad07f/633795.JPG","67","633795","001","SLD","RE","DETCH","403 WESTMORELAND CT","CHARLOTTESVILLE","0.70","5","K48","8/17/2022","$395,000","9/26/2022","3.00","4","2,808"
"//cdnparap110.paragonrels.com/ParagonImages/Property/P11/CAAR/632314/0/120/90/c4bf71d7dfd8a7be2e8fa6da1b13823c/3/af62b1f23ba729facd02d47b862005cb/632314.JPG","32","632314","001","SLD","RE","DETCH","3033 COLONIAL DR","CHARLOTTESVILLE","0.45","39","K10168","7/1/2022","$399,000","9/12/2022","2.00","3","2,043"
"//cdnparap110.paragonrels.com/ParagonImages/Property/P11/CAAR/634708/0/120/90/746eac8bc0c64896af5e4cc04ed4585f/3/379eb4fe1b9a7a9fb0c7c96902eb6ed9/634708.JPG","29","634708","001","SLD","RE","DETCH","130 SPRING MOUNTAIN RD","CHARLOTTESVILLE","0.25","2","K1142","9/14/2022","$375,000","10/21/2022","2.00","3","1,336"
"//cdnparap110.paragonrels.com/ParagonImages/Property/P11/CAAR/632200/0/120/90/97a9381dc0015a457d93eef0541eb225/3/8241a3854d119700491f3979b41c3dc7/632200.JPG","27","632200","005","SLD","RE","DETCH","1661 MERIDIAN ST","CHARLOTTESVILLE","0.23","63","K1142","6/28/2022","$415,000","10/14/2022","2.00","3","2,008"
"//cdnparap110.paragonrels.com/ParagonImages/Property/P11/CAAR/632833/0/120/90/959d5844a98cc503a7eae16ff8c55b03/3/465e737d27c33c3517806f8921093414/632833.JPG","34","632833","001","SLD","RE","DETCH","459 HIDDEN RIDGE RD","CHARLOTTESVILLE","0.26","45","K1142","7/18/2022","$415,000","10/14/2022","2.00","4","1,593"
"//cdnparap110.paragonrels.com/ParagonImages/Property/P11/CAAR/633746/0/120/90/2b44eaf2a9afd357216eb46d3257b7f6/3/3368bc261e777b3e5b9279815d83ae9f/633746.JPG","31","633746","001","SLD","RE","DETCH","1121 COTTONWOOD RD","CHARLOTTESVILLE","0.14","4","K10390","8/15/2022","$400,000","9/30/2022","1.50","3","1,860"
"//cdnparap110.paragonrels.com/ParagonImages/Property/P11/CAAR/629578/0/120/90/ff68031bece5c903065c4fc0d53de9f2/3/4653295d8d5ddbc83ae6f211d369a7cb/629578.JPG","56","629578","001","SLD","RE","DETCH","1767 HONEYSUCKLE LN","CHARLOTTESVILLE","0.55","122","K1142","4/27/2022","$425,000","9/27/2022","2.50","3","1,991"
"//cdnparap110.paragonrels.com/ParagonImages/Property/P11/CAAR/634396/0/120/90/832b8e02bca833e504c85b604805e930/3/c15db321387350b79b986a32c4547b5f/634396.JPG","28","634396","001","SLD","RE","DETCH","1701 ARROW WOOD DR","CHARLOTTESVILLE","0.29","3","K10151","9/3/2022","$429,000","10/6/2022","2.00","4","1,710"
"//cdnparap110.paragonrels.com/ParagonImages/Property/P11/CAAR/633456/0/120/90/6ef33679061244f884c26b50731f9a2e/3/273a7e8bf675cf8542f672ab6ec26404/633456.JPG","28","633456","001","SLD","RE","DETCH","510 WESTMORELAND CT","CHARLOTTESVILLE","0.61","2","K80","8/5/2022","$423,000","9/7/2022","3.50","4","3,024"
"//cdnparap110.paragonrels.com/ParagonImages/Property/P11/CAAR/634341/0/120/90/9133b738d6cf95e53f8d7a60dffa75e9/3/9bc26693cdf17d0bc4ebaffe7b1c7a9f/634341.JPG","35","634341","001","SLD","RE","DETCH","201 HOMESTEAD LN","CHARLOTTESVILLE","0.30","5","K1083","9/1/2022","$429,000","9/30/2022","2.00","4","2,046"
"//cdnparap110.paragonrels.com/ParagonImages/Property/P11/CAAR/635709/0/120/90/c9b404865aab8ea7f7a8b3779d6b0710/3/4d2130262d360b482a43a36c9b0f4dad/635709.JPG","23","635709","005","SLD","RE","DETCH","604 ELLIOTT AVE","CHARLOTTESVILLE","0.14","0","K10428","10/14/2022","$425,000","11/18/2022","1.00","4","1,685"
"//cdnparap110.paragonrels.com/ParagonImages/Property/P11/CAAR/633537/0/120/90/9a04dc4ef07b4549fa3e2355ecafacac/3/361e83022d0f4046df0f2a1a83dfae8f/633537.JPG","33","633537","005","SLD","RE","DETCH","1008 PEARTREE LN","CHARLOTTESVILLE","0.21","32","K1249","8/10/2022","$449,000","10/20/2022","2.00","4","3,098"
"//cdnparap110.paragonrels.com/ParagonImages/Property/P11/CAAR/633060/0/120/90/baa07ce0ede373dc0d16a19f07e4ead1/3/8290a001e6c3aaf3c58d36e3edc4c954/633060.JPG","14","633060","005","SLD","RE","DETCH","201 AZALEA DR","CHARLOTTESVILLE","0.21","14","K5475","7/25/2022","$435,000","9/19/2022","2.00","4","2,730"
"//cdnparap110.paragonrels.com/ParagonImages/Property/P11/CAAR/634609/0/120/90/b829d8737601b92f8d736748d6bec3d1/3/ee833e68d0a5c40fdf4dba9224ee3d23/634609.JPG","23","634609","005","SLD","RE","DETCH","1508 TRAILRIDGE RD","CHARLOTTESVILLE","0.25","28","K10797","9/12/2022","$455,000","11/10/2022","3.00","4","2,500"
"//cdnparap110.paragonrels.com/ParagonImages/Property/P11/CAAR/633292/0/120/90/14560bc7730c666a81b7f27a705e85c7/3/6dfbf8fb692ab0838eeb56904d3f845d/633292.JPG","32","633292","001","SLD","RE","DETCH","1780 TINKERS COVE RD","CHARLOTTESVILLE","0.26","8","K1142","8/1/2022","$425,000","9/21/2022","3.00","4","2,272"
"//cdnparap110.paragonrels.com/ParagonImages/Property/P11/CAAR/634756/0/120/90/e7fd48ac41cce43484f805a68c63af71/3/816ee2912ad545ebf4c16145d151c379/634756.JPG","24","634756","001","SLD","RE","DETCH","1160 MAPLE VIEW DR","CHARLOTTESVILLE","0.42","21","K135","9/15/2022","$450,000","11/11/2022","2.00","3","1,699"
"//cdnparap110.paragonrels.com/ParagonImages/Property/P11/CAAR/634847/0/120/90/bbf7e0b2b2aef7a9b64ff96a22bc83b6/3/c16fc27b80da0096fede39f880a819de/634847.JPG","29","634847","005","SLD","RE","DETCH","103 VILLAGE CT","CHARLOTTESVILLE","0.21","3","K1142","9/16/2022","$429,000","10/26/2022","2.00","3","1,754"
"//cdnparap110.paragonrels.com/ParagonImages/Property/P11/CAAR/634244/0/120/90/763ab9b57fb68bdf06659fb6d3eea005/3/7dd930badcb7b0b172c5ef0cacdf9a65/634244.JPG","24","634244","005","SLD","RE","DETCH","934 HENRY AVE","CHARLOTTESVILLE","0.10","1","K1249","9/1/2022","$429,000","10/4/2022","2.50","3","2,029"
"//cdnparap110.paragonrels.com/ParagonImages/Property/P11/CAAR/634570/0/120/90/58df383a316fdd6f5fa17cab2c5cafcc/3/093702242f63470bf8e1d443993a18e1/634570.JPG","54","634570","001","SLD","RE","DETCH","1771 OLD BROOK RD","CHARLOTTESVILLE","0.38","4","K1083","9/9/2022","$375,000","10/13/2022","2.50","4","3,011"
"//cdnparap110.paragonrels.com/ParagonImages/Property/P11/CAAR/631727/0/120/90/9bb7054a46a894424bd6899552da2d5e/3/4a74ed581bd90603def7c3f4f4828df6/631727.JPG","41","631727","001","SLD","RE","DETCH","3014 PROFFIT RD","CHARLOTTESVILLE","0.46","69","K1083","6/17/2022","$439,000","9/27/2022","3.00","3","2,784"
"//cdnparap110.paragonrels.com/ParagonImages/Property/P11/CAAR/628257/0/120/90/98bcde938fe3e7486b51d5f6e267c571/5/eafc94aabe46bfc7323643e42d7f5641/628257.JPG","69","628257","001","SLD","RE","DETCH","2271 OLD LYNCHBURG RD","CHARLOTTESVILLE","2.04","167","78782101","3/28/2022","$449,000","11/7/2022","1.50","3","1,808"
"//cdnparap110.paragonrels.com/ParagonImages/Property/P11/CAAR/635017/0/120/90/934bc418b9567a2da5cde2f384fb2557/3/23ee9ff5d578e510b400f43c9989c9d2/635017.JPG","45","635017","001","SLD","RE","DETCH","2315 WAKEFIELD RD","CHARLOTTESVILLE","0.32","7","K1083","9/22/2022","$439,000","11/10/2022","3.00","3","3,480"
"//cdnparap110.paragonrels.com/ParagonImages/Property/P11/CAAR/633729/0/120/90/53ad184b188aa072cb884727fed86dc9/3/4ac86c2fddbfa680eaef061f0a271946/633729.JPG","41","633729","001","SLD","RE","DETCH","2698 POWELL CREEK DR","CHARLOTTESVILLE","0.21","42","K54","8/15/2022","$449,000","10/27/2022","3.00","3","3,042"
"//cdnparap110.paragonrels.com/ParagonImages/Property/P11/CAAR/632462/0/120/90/65fa8dc91d6061bb3aa4befd38124b11/3/2b05d956ac9087bc6f1e44946c9f0644/632462.JPG","44","632462","005","SLD","RE","DETCH","115 LANKFORD AVE","CHARLOTTESVILLE","0.10","49","K454","7/7/2022","$449,900","10/17/2022","2.50","3","2,793"
"//cdnparap110.paragonrels.com/ParagonImages/Property/P11/CAAR/633864/0/120/90/5ed187d2927537c650f0cd1c46b66b39/3/4aeb55311f3469a43f8299a2b9d9f818/633864.JPG","42","633864","001","SLD","RE","DETCH","1145 HEARTHGLOW CT","CHARLOTTESVILLE","0.26","3","K1142","8/18/2022","$399,000","9/28/2022","3.00","4","3,212"
"//cdnparap110.paragonrels.com/ParagonImages/Property/P11/CAAR/633832/0/120/90/6a528217d5e93630400ecb80fd3604cb/3/6c6f97e130ee19e93da1138883b9e832/633832.JPG","40","633832","005","SLD","RE","DETCH","1415 BRIARCLIFF AVE","CHARLOTTESVILLE","0.25","2","K1142","8/18/2022","$449,000","10/3/2022","2.00","3","1,998"
"//cdnparap110.paragonrels.com/ParagonImages/Property/P11/CAAR/632962/0/120/90/462ff5001d76be64b65131cc600090ce/3/404ff8f01072bba9819cd30240567db0/632962.JPG","22","632962","001","SLD","RE","DETCH","1436 GRAY STONE CT","CHARLOTTESVILLE","0.37","4","K1083","7/21/2022","$449,000","9/9/2022","3.00","4","2,088"
"//cdnparap110.paragonrels.com/ParagonImages/Property/P11/CAAR/635258/0/120/90/45e29f14f73fbbdb5ee7fb3325e9155a/3/6d436d11065c2cba675600ab3a3bb632/635258.JPG","32","635258","001","SLD","RE","DETCH","348 BAYBERRY WAY","CHARLOTTESVILLE","0.18","5","K1306","9/30/2022","$450,000","11/16/2022","2.00","3","2,192"
"//cdnparap110.paragonrels.com/ParagonImages/Property/P11/CAAR/632796/0/120/90/eae6377b1ef7875a880f5b41c91bc188/3/d452724fcc090933a18fdff3b09f0bbf/632796.JPG","38","632796","001","SLD","RE","DETCH","1253 COURTYARD DR","CHARLOTTESVILLE","0.15","2","K67","7/16/2022","$450,000","9/8/2022","2.50","3","2,376"
"//cdnparap110.paragonrels.com/ParagonImages/Property/P11/CAAR/634455/0/120/90/150cdef09713b829e146a2a846f78a4b/3/6bd5b2e6262f7818469d472354a382b9/634455.JPG","36","634455","001","SLD","RE","DETCH","1760 HEARTHGLOW LN","CHARLOTTESVILLE","0.28","13","K1083","9/6/2022","$449,000","10/12/2022","2.00","3","2,489"
"//cdnparap110.paragonrels.com/ParagonImages/Property/P11/CAAR/635219/0/120/90/7788ce449697aabebf5bedd16f0d04d7/3/2215eda2bf1a06766e55001da742ac3f/635219.JPG","36","635219","001","SLD","RE","DETCH","639 BIG OAK RD","CHARLOTTESVILLE","0.60","5","K67","9/29/2022","$439,000","11/7/2022","2.00","3","1,968"
"//cdnparap110.paragonrels.com/ParagonImages/Property/P11/CAAR/635291/0/120/90/51a1d7533adf9cd1398074c08b4ce968/3/a3bc022264e06082830032c68edbb60e/635291.JPG","32","635291","001","SLD","RE","DETCH","5 VINCENNES CT","CHARLOTTESVILLE","0.76","8","K48","9/30/2022","$499,900","11/18/2022","2.00","3","1,668"
"//cdnparap110.paragonrels.com/ParagonImages/Property/P11/CAAR/633086/0/120/90/d2c215b93af2ede73d3bac6e42b496c9/3/5dd73c0070b8af8d42a7c4cc53052b19/633086.JPG","35","633086","005","SLD","RE","DETCH","1010 PARK ST","CHARLOTTESVILLE","0.29","4","K10390","7/26/2022","$450,000","9/6/2022","2.50","3","2,112"
"//cdnparap110.paragonrels.com/ParagonImages/Property/P11/CAAR/634397/0/120/90/7a02dacf164365cb7e12dab247009bff/3/2c8389258b0a37840c9115e4f249f2e3/634397.JPG","49","634397","001","SLD","RE","DETCH","714 ACORN LN","CHARLOTTESVILLE","0.32","21","K422","9/3/2022","$475,000","10/31/2022","4.00","4","4,559"
"//cdnparap110.paragonrels.com/ParagonImages/Property/P11/CAAR/632958/0/120/90/68fe7c5c22a4e54280b97586c7f30827/3/ae3747d860c1907a6a8f5357a01e4bb0/632958.JPG","25","632958","001","SLD","RE","DETCH","3158 SAGEBRUSH CT","CHARLOTTESVILLE","0.27","13","K1344","7/21/2022","$499,900","9/1/2022","2.50","4","3,615"
"//cdnparap110.paragonrels.com/ParagonImages/Property/P11/CAAR/633947/0/120/90/da94cd214677bf7907b0fc5106c13de1/3/7cc6af052b3c2a621073d23cd1d77cc6/633947.JPG","38","633947","001","SLD","RE","DETCH","2645 MILTON HILLS DR","CHARLOTTESVILLE","3.59","10","K19","8/22/2022","$500,000","9/28/2022","3.50","3","3,632"
"//cdnparap110.paragonrels.com/ParagonImages/Property/P11/CAAR/633386/0/120/90/2af0a05610c0f4b9076e7bd287497b4c/3/3fee9343a847663203998be9d3d35f20/633386.JPG","44","633386","005","SLD","RE","DETCH","1006 BLENHEIM AVE","CHARLOTTESVILLE","0.13","3","K10147","8/3/2022","$439,900","10/4/2022","1.00","2","1,812"
"//cdnparap110.paragonrels.com/ParagonImages/Property/P11/CAAR/634145/0/120/90/624d2c7ae7b41b8b2b652e8c6dce7ce4/3/7213ebc5ab6544bca7aa54bb8b640ba4/634145.JPG","33","634145","001","SLD","RE","DETCH","1712 HEARTHGLOW LN","CHARLOTTESVILLE","0.28","34","K1083","8/26/2022","$499,900","11/14/2022","2.50","5","2,903"
"//cdnparap110.paragonrels.com/ParagonImages/Property/P11/CAAR/633195/0/120/90/1338ddd6d28842d353d5e730c33299f5/3/0d100e304d40e82051c617f97e7a4099/633195.JPG","41","633195","005","SLD","RE","DETCH","902 FOREST ST","CHARLOTTESVILLE","0.06","15","K188","7/29/2022","$499,900","9/30/2022","2.50","3","1,900"
"//cdnparap110.paragonrels.com/ParagonImages/Property/P11/CAAR/632074/0/120/90/c5d468b74819ac7541a33cecbf03923d/3/050bc7c5ef6094ba26e46991e3721187/632074.JPG","40","632074","001","SLD","RE","DETCH","985 OWENSVILLE RD","CHARLOTTESVILLE","1.32","35","K48","6/24/2022","$495,000","9/14/2022","3.50","4","3,612"
"//cdnparap110.paragonrels.com/ParagonImages/Property/P11/CAAR/633716/0/120/90/6b70a9ce3aa8bc8be12c77c1e381f175/3/5c6839640236cacbbd392ce99e502f76/633716.JPG","51","633716","001","SLD","RE","DETCH","1808 AMBERFIELD DR","CHARLOTTESVILLE","0.24","30","K188","8/13/2022","$520,000","11/3/2022","3.50","4","3,163"
"//cdnparap110.paragonrels.com/ParagonImages/Property/P11/CAAR/630838/0/120/90/bd63ae90c830e8f1c8c5eb87a597f0d2/3/5c398350cd1796a0b5e5d4a4e5e94714/630838.JPG","38","630838","001","SLD","RE","DETCH","310 DOVER RD","CHARLOTTESVILLE","0.74","93","K1322","5/25/2022","$550,000","11/14/2022","3.00","5","3,878"
"//cdnparap110.paragonrels.com/ParagonImages/Property/P11/CAAR/635848/0/120/90/66c779e846f39a42fef913234b64375f/3/77d18ddacd0553cb1cd205ad3ef0b9a1/635848.JPG","37","635848","005","SLD","RE","DETCH","1611 DUBLIN RD","CHARLOTTESVILLE","0.33","3","K1295","10/20/2022","$499,700","11/18/2022","3.00","4","2,500"
"//cdnparap110.paragonrels.com/ParagonImages/Property/P11/CAAR/634555/0/120/90/26e9552d6a8bf8cea42a78eb7d55b914/3/a49439c4f89a79d370d3da26efacd757/634555.JPG","45","634555","001","SLD","RE","DETCH","2806 HUNTINGTON RD","CHARLOTTESVILLE","1.33","0","K1247","9/9/2022","$479,000","10/18/2022","3.50","4","2,936"
"//cdnparap110.paragonrels.com/ParagonImages/Property/P11/CAAR/633306/0/120/90/3afc4b8d2ef7e57d28eaed78a0f13913/3/4ccee27a196553d6c14b6f14d603f0d6/633306.JPG","36","633306","001","SLD","RE","DETCH","3027 AMBERFIELD TRL","CHARLOTTESVILLE","0.24","38","K1322","8/1/2022","$515,000","11/1/2022","3.00","4","3,159"
"//cdnparap110.paragonrels.com/ParagonImages/Property/P11/CAAR/633083/0/120/90/d2fa1767c2174974bcac8bf365c27fc0/3/a4e98c8197667903df11ccd1bd2deece/633083.JPG","53","633083","005","SLD","RE","DETCH","723 VILLAGE RD","CHARLOTTESVILLE","0.21","6","K454","7/25/2022","$549,000","9/22/2022","2.50","4","2,030"
"//cdnparap110.paragonrels.com/ParagonImages/Property/P11/CAAR/635704/0/120/90/9447d630fad9dec67e71a2b4cd3d88cf/3/9bcbec5742d834cdad9e46f9fa09a731/635704.JPG","38","635704","001","SLD","RE","DETCH","1217 COURTYARD DR","CHARLOTTESVILLE","0.15","1","K10147","10/14/2022","$510,000","11/16/2022","2.50","3","2,312"
"//cdnparap110.paragonrels.com/ParagonImages/Property/P11/CAAR/633796/0/120/90/fe9be2a8ad176cee8bc6c2bde202c6e6/3/5b87c6817cd033207d917b215a50a3c7/633796.JPG","31","633796","001","SLD","RE","DETCH","1183 WOODLANDS RD","CHARLOTTESVILLE","1.57","24","K1142","8/17/2022","$596,000","10/7/2022","2.00","3","2,050"
"//cdnparap110.paragonrels.com/ParagonImages/Property/P11/CAAR/632655/0/120/90/d21061fe85eccd2f1c26e405cf9aff5f/3/433e669b78094c7970bbf297ff570bf3/632655.JPG","59","632655","001","SLD","RE","DETCH","4858 HIGHLANDS PL","CHARLOTTESVILLE","0.29","6","K10582","7/13/2022","$460,000","9/23/2022","3.50","4","2,851"
"//cdnparap110.paragonrels.com/ParagonImages/Property/P11/CAAR/634783/0/120/90/3df2ac0ebfee1cc6dbb2cf7634eaa33c/3/f31fb2fb86e2c9a9b20650f1dcc16fe3/634783.JPG","43","634783","005","SLD","RE","DETCH","2321 TARLETON DR","CHARLOTTESVILLE","0.38","9","K19","9/16/2022","$535,000","10/20/2022","3.00","3","3,658"
"//cdnparap110.paragonrels.com/ParagonImages/Property/P11/CAAR/633689/0/120/90/a962b23c5f2d29a2b6fc75dc4925775f/3/16f5a90823b43f3173f3fa38dd33441e/633689.JPG","39","633689","005","SLD","RE","DETCH","2003 GREENBRIER DR","CHARLOTTESVILLE","0.30","4","K323","8/12/2022","$545,000","9/30/2022","3.00","4","2,688"
"//cdnparap110.paragonrels.com/ParagonImages/Property/P11/CAAR/635076/0/120/90/34029d25389a5359e6e698969447e9b0/3/292b524fe42165e8eedca80c366339c9/635076.JPG","31","635076","005","SLD","RE","DETCH","114 MONTE VISTA AVE","CHARLOTTESVILLE","0.17","9","K1322","9/23/2022","$549,000","11/15/2022","3.00","5","2,889"
"//cdnparap110.paragonrels.com/ParagonImages/Property/P11/CAAR/634243/0/120/90/ee662b7777af7e40d3855288df824feb/3/7f2808f326eae9c89a5d541eecbe6ab1/634243.JPG","34","634243","001","SLD","RE","DETCH","2680 FERNLEAF RD","CHARLOTTESVILLE","0.28","52","K1142","8/30/2022","$549,900","11/21/2022","3.50","5","3,876"
"//cdnparap110.paragonrels.com/ParagonImages/Property/P11/CAAR/633123/0/120/90/5794f224cfed36fed8516859cc9dce94/3/73a6e8bc249b84ebd88fdc6d6b0f0dec/633123.JPG","26","633123","001","SLD","RE","DETCH","1247 COURTYARD DR","CHARLOTTESVILLE","0.14","2","K1142","7/29/2022","$525,000","9/16/2022","2.00","3","2,961"
"//cdnparap110.paragonrels.com/ParagonImages/Property/P11/CAAR/632691/0/120/90/06d4e4f756887e88f0b8b97bda17edec/3/1ea701ead77e5df9100a8c7861c449ee/632691.JPG","69","632691","001","SLD","RE","DETCH","3161 TURNBERRY CIR","CHARLOTTESVILLE","0.17","43","K1142","7/13/2022","$550,000","9/19/2022","2.50","4","3,943"
"//cdnparap110.paragonrels.com/ParagonImages/Property/P11/CAAR/632762/0/120/90/f128ee7ec71689890af4f31467a7a42e/3/89cd26944f38afcb4a958dd1277886cd/632762.JPG","30","632762","005","SLD","RE","DETCH","716 NALLE ST","CHARLOTTESVILLE","0.12","6","K24346","7/15/2022","$550,000","9/8/2022","2.00","3","1,950"
"//cdnparap110.paragonrels.com/ParagonImages/Property/P11/CAAR/633634/0/120/90/9e33b598c413eed4ce5731e8565a3043/3/d0744ab256dd51c1b6b0dbe001534f19/633634.JPG","36","633634","001","SLD","RE","DETCH","1369 WILLOW LAKE DR","CHARLOTTESVILLE","0.25","6","K1353","8/11/2022","$555,000","10/4/2022","3.50","4","3,180"
"//cdnparap110.paragonrels.com/ParagonImages/Property/P11/CAAR/631653/0/120/90/ecb425a22012f209f8654168694a6c8a/4/569977e5f48f1abfe1d2a92abcd876a4/631653.JPG","47","631653","005","SLD","RE","DETCH","1006 LONG ST","CHARLOTTESVILLE","0.22","125","50081","4/26/2022","$585,000","9/22/2022","3.50","5","3,726"
"//cdnparap110.paragonrels.com/ParagonImages/Property/P11/CAAR/635362/0/120/90/2771555ff5bad58251520662708fc513/3/ef2c911b155c6e89e0ce14a0fd95f19a/635362.JPG","39","635362","005","SLD","RE","DETCH","101 CHRISTA CT","CHARLOTTESVILLE","0.14","2","K1322","10/4/2022","$572,900","11/7/2022","2.50","3","1,812"
"//cdnparap110.paragonrels.com/ParagonImages/Property/P11/CAAR/634543/0/120/90/9e02bbb936574010da95eccb5ec81bc1/3/b8835b85fc459ad786b89787bf8bcca1/634543.JPG","49","634543","001","SLD","RE","DETCH","414 FRONTIER LN","CHARLOTTESVILLE","0.13","6","K1142","9/8/2022","$565,000","11/2/2022","3.50","5","3,956"
"//cdnparap110.paragonrels.com/ParagonImages/Property/P11/CAAR/634140/0/120/90/484f38088b07c0e6587eab0801e80cfb/3/6986ac90820ecd9c83cb2e1b9d05548e/634140.JPG","45","634140","005","SLD","RE","DETCH","1025 SAINT CLAIR AVE","CHARLOTTESVILLE","0.17","21","K1247","8/26/2022","$565,000","9/30/2022","3.00","4","3,713"
"//cdnparap110.paragonrels.com/ParagonImages/Property/P11/CAAR/633023/0/120/90/1a998f7217fb3e7b6d25529037bbd5f5/3/9cef18c9c0dba2f7bda8d576536aa2dc/633023.JPG","60","633023","001","SLD","RE","DETCH","1961 DELILA DR","CHARLOTTESVILLE","0.11","10","K1142","7/22/2022","$575,000","10/11/2022","3.50","4","3,622"
"//cdnparap110.paragonrels.com/ParagonImages/Property/P11/CAAR/636291/0/120/90/a650d727f370b3848d86669425cff804/3/443b996e4b4e4beaba4c8053f1e19a87/636291.JPG","12","636291","001","SLD","RE","DETCH","1212 REDFIELDS RD","CHARLOTTESVILLE","0.28","37","K1142","8/23/2022","$549,000","11/2/2022","2.50","4","2,746"
"//cdnparap110.paragonrels.com/ParagonImages/Property/P11/CAAR/634742/0/120/90/313cbfdb9166d119ddffa789d5d72f05/3/d7fd2ee3a1767069f23352bf3a817e4c/634742.JPG","34","634742","005","SLD","RE","DETCH","317 HUNTLEY AVE","CHARLOTTESVILLE","0.08","1","K1165","9/15/2022","$575,000","10/21/2022","3.50","3","2,644"
"//cdnparap110.paragonrels.com/ParagonImages/Property/P11/CAAR/634287/0/120/90/cb22b08897f187db64191907f789adbf/3/5775558722f8f8774a7650c06dfb5b08/634287.JPG","57","634287","001","SLD","RE","DETCH","3063 SUN VALLEY DR","CHARLOTTESVILLE","0.13","8","K48","8/31/2022","$575,000","11/4/2022","3.50","4","4,062"
"//cdnparap110.paragonrels.com/ParagonImages/Property/P11/CAAR/630693/0/120/90/17b2c187de67d392ec7b6792cec7e2c3/3/99c91786ef5397f4438924798e4302b5/630693.JPG","50","630693","001","SLD","RE","DETCH","2601 CARDINAL RIDGE RD","CHARLOTTESVILLE","2.21","84","K94","5/20/2022","$574,000","9/15/2022","3.50","4","3,062"
"//cdnparap110.paragonrels.com/ParagonImages/Property/P11/CAAR/634908/0/120/90/1d041ba1f1514bcc487ac09c4dbdb5d7/3/d0c7de9a9c522c4d3e447a45b2b80dfa/634908.JPG","41","634908","005","SLD","RE","DETCH","239 HUNTLEY AVE","CHARLOTTESVILLE","0.08","4","K1142","9/20/2022","$579,000","11/3/2022","3.50","3","2,638"
"//cdnparap110.paragonrels.com/ParagonImages/Property/P11/CAAR/616794/0/120/90/da42c60603b0631a72a8cd089a89ba54/3/14ae692a2e829f8e8ae7a9b510ee6ee8/616794.JPG","57","616794","001","SLD","RE","DETCH","3358 CROSSCREEK PL","CHARLOTTESVILLE","0.10","0","K1165","4/28/2021","$580,607","10/13/2022","2.50","3","2,877"
"//cdnparap110.paragonrels.com/ParagonImages/Property/P11/CAAR/616309/0/120/90/a430b958c2bb8f6ddbb3df7a785f1d94/3/64f5d35a076fec2a0046cfb1abbda803/616309.JPG","35","616309","001","SLD","RE","DETCH","3437 THICKET RUN PL","CHARLOTTESVILLE","0.15","0","K1142","4/17/2021","$599,916","10/6/2022","2.50","3","2,578"
"//cdnparap110.paragonrels.com/ParagonImages/Property/P11/CAAR/633524/0/120/90/43f43e55c2989c762652d43adf23bf63/3/a9b321d31266f3cbba018631eb38de74/633524.JPG","39","633524","001","SLD","RE","DETCH","127 GOLDENROD CT","CHARLOTTESVILLE","0.41","4","K10390","8/8/2022","$550,000","9/12/2022","2.50","4","3,136"
"//cdnparap110.paragonrels.com/ParagonImages/Property/P11/CAAR/633536/0/120/90/62d386a3ee3dbfb0085cfe4defabf71e/3/c1f8fa751f9b8eb41c849f2f3e3ff34f/633536.JPG","26","633536","005","SLD","RE","DETCH","1613 MEADOWBROOK HEIGHTS RD","CHARLOTTESVILLE","0.35","8","K10168","8/8/2022","$610,000","9/19/2022","2.00","3","2,358"
"//cdnparap110.paragonrels.com/ParagonImages/Property/P11/CAAR/633550/0/120/90/76b71bbc3a8ee0f3cf95fa8253ba522c/3/5339a1fc3f4d1a9dd2d3fa7e9be0359d/633550.JPG","55","633550","005","SLD","RE","DETCH","309 HUNTLEY AVE","CHARLOTTESVILLE","0.08","12","K10258","8/8/2022","$624,900","10/3/2022","3.50","3","2,833"
"//cdnparap110.paragonrels.com/ParagonImages/Property/P11/CAAR/616663/0/120/90/2874e51891c770b47d8ec40f5f0b3aee/3/08f75376786a8d244ccc0866128fcbfe/616663.JPG","36","616663","001","SLD","RE","DETCH","3490 THICKET RUN PL","CHARLOTTESVILLE","0.15","0","K1142","4/27/2021","$620,955","9/9/2022","3.50","4","3,638"
"//cdnparap110.paragonrels.com/ParagonImages/Property/P11/CAAR/632382/0/120/90/42a78f33217f78c127917a17913df9cb/3/0cb10844cb632e88e459e9992e0c1d11/632382.JPG","57","632382","001","SLD","RE","DETCH","200 E MONACAN DR","CHARLOTTESVILLE","1.79","3","K5475","7/6/2022","$645,000","9/14/2022","3.00","5","3,750"
"//cdnparap110.paragonrels.com/ParagonImages/Property/P11/CAAR/631343/0/120/90/1eea824c616daeb304c2eca56bee04b0/3/21ecc2e2a1c5f82848b0075a7747b107/631343.JPG","42","631343","001","SLD","RE","DETCH","2677 KENDALWOOD LN","CHARLOTTESVILLE","0.41","103","K10428","6/7/2022","$649,000","11/18/2022","3.50","5","4,116"
"//cdnparap110.paragonrels.com/ParagonImages/Property/P11/CAAR/623108/0/120/90/137e104beede0a4add77c6f674f561d8/3/fdd100826dbb2cb6fe72431e0d15f208/623108.JPG","35","623108","001","SLD","RE","DETCH","3454 THICKET RUN PL","CHARLOTTESVILLE","0.15","0","K1142","2/25/2022","$642,184","9/19/2022","2.50","3","2,589"
"//cdnparap110.paragonrels.com/ParagonImages/Property/P11/CAAR/634761/0/120/90/889edd49d1a96e646718ac30e1251bb4/3/0585238f0d3c561f0b45d8832d8262b6/634761.JPG","62","634761","001","SLD","RE","DETCH","821 COLE ST","CHARLOTTESVILLE","0.10","6","K1155","9/15/2022","$649,950","10/24/2022","3.50","5","3,578"
"//cdnparap110.paragonrels.com/ParagonImages/Property/P11/CAAR/631021/0/120/90/3803312642c108b6fd42c57d1199e826/3/15b7ef7b3dfbe30fcb6f85dd3e1a27eb/631021.JPG","57","631021","005","SLD","RE","DETCH","1824 WINSTON RD","CHARLOTTESVILLE","0.42","97","K188","5/30/2022","$699,000","9/27/2022","3.00","4","3,563"
"//cdnparap110.paragonrels.com/ParagonImages/Property/P11/CAAR/623109/0/120/90/b48966441778389134779183517d3c62/3/4431baa9f846b187e3a02833fe51bbad/623109.JPG","48","623109","001","SLD","RE","DETCH","3478 THICKET RUN PL","CHARLOTTESVILLE","0.15","0","K1165","10/12/2021","$657,836","9/22/2022","2.00","3","2,416"
"//cdnparap110.paragonrels.com/ParagonImages/Property/P11/CAAR/634131/0/120/90/ac41f0a39dbd1236cb1cfe44eabbcf15/3/9b6375353faa534e1cba3e4c3132aed5/634131.JPG","31","634131","001","SLD","RE","DETCH","670 COURTYARD CT","CHARLOTTESVILLE","0.22","3","K1142","8/28/2022","$625,000","10/18/2022","2.00","4","3,009"
"//cdnparap110.paragonrels.com/ParagonImages/Property/P11/CAAR/624431/0/120/90/8832134e7c7d1f43b64628913a756a89/3/739b83301b357469dbe008bdc9a4807e/624431.JPG","18","624431","001","SLD","RE","DETCH","3294 THICKET RUN DR","CHARLOTTESVILLE","0.15","0","K1142","11/22/2021","$663,668","11/15/2022","3.00","3","2,427"
"//cdnparap110.paragonrels.com/ParagonImages/Property/P11/CAAR/617428/0/120/90/39a942130900ccb4f206101ac328a314/3/fae775bcf33c02cdc334875210b26c02/617428.JPG","35","617428","001","SLD","RE","DETCH","3448 THICKET RUN PL","CHARLOTTESVILLE","0.15","0","K1142","5/12/2021","$670,222","10/17/2022","3.00","4","2,681"
"//cdnparap110.paragonrels.com/ParagonImages/Property/P11/CAAR/615193/0/120/90/7bb7464c520f6a08dd1527246b434d62/3/6133bbc36f35e009975292523b2359c8/615193.JPG","33","615193","001","SLD","RE","DETCH","3508 THICKET RUN PL","CHARLOTTESVILLE","0.15","0","K1142","3/24/2021","$673,121","9/23/2022","3.50","5","4,162"
"//cdnparap110.paragonrels.com/ParagonImages/Property/P11/CAAR/635389/0/120/90/1fee22d8f7391e3f1c10aac0fd3f34ad/3/c04000be0d046c93af133b1fb6fd26e0/635389.JPG","36","635389","001","SLD","RE","DETCH","1094 DELPHI LN","CHARLOTTESVILLE","0.12","9","K1142","10/4/2022","$650,000","11/15/2022","3.50","4","3,929"
"//cdnparap110.paragonrels.com/ParagonImages/Property/P11/CAAR/632030/0/120/90/6f77818360851e2e85e02c86a59ee547/3/3ff5194e36ece6b25ad584f1e827ef8b/632030.JPG","29","632030","001","SLD","RE","DETCH","1870 COBBLESTONE LN","CHARLOTTESVILLE","1.19","40","K1083","6/24/2022","$699,000","9/22/2022","2.50","3","3,259"
"//cdnparap110.paragonrels.com/ParagonImages/Property/P11/CAAR/635738/0/120/90/69474bfaff01fe56f6d671ed216f973a/3/8833c5a58249904eb60db4f66a10818d/635738.JPG","62","635738","001","SLD","RE","DETCH","1444 BUTLER ST","CHARLOTTESVILLE","0.14","9","K48","10/14/2022","$699,000","11/16/2022","3.50","4","3,490"
"//cdnparap110.paragonrels.com/ParagonImages/Property/P11/CAAR/624031/0/120/90/a14f6b10c9aad63c8c31ecdaae4d391f/3/3b99a19ca7073e317eda73c346e95025/624031.JPG","19","624031","001","SLD","RE","DETCH","3288 THICKET RUN PL","CHARLOTTESVILLE","0.15","0","K1142","11/9/2021","$688,184","11/15/2022","4.00","4","4,413"
"//cdnparap110.paragonrels.com/ParagonImages/Property/P11/CAAR/623725/0/120/90/313a08f3e03aa061490a1addbdcf46a6/3/0750e8b5bfea3a2d2552dce9bd52492a/623725.JPG","15","623725","001","SLD","RE","DETCH","3628 THICKET RUN PL","CHARLOTTESVILLE","0.15","0","K1142","10/29/2021","$691,201","11/4/2022","4.00","5","4,413"
"//cdnparap110.paragonrels.com/ParagonImages/Property/P11/CAAR/634445/0/120/90/908a9d49f8650f00e9cdfb575b380d41/3/75de14ccedaba3d693156ed1568ee432/634445.JPG","43","634445","001","SLD","RE","DETCH","3286 TURNBERRY CIR","CHARLOTTESVILLE","0.21","1","K1142","9/6/2022","$675,000","10/3/2022","3.50","5","5,956"
"//cdnparap110.paragonrels.com/ParagonImages/Property/P11/CAAR/634688/0/120/90/76ab9a3e057836fa2c5f856dc04248f7/3/4b93576967353b9370ed0d1868dc6007/634688.JPG","50","634688","001","SLD","RE","DETCH","945 OWENSVILLE RD","CHARLOTTESVILLE","0.92","4","K80","9/13/2022","$699,999","10/20/2022","3.00","4","3,074"
"//cdnparap110.paragonrels.com/ParagonImages/Property/P11/CAAR/634552/0/120/90/5f0d74817d8a92a626418139d9fd6dd4/3/6b9b22c15b7f2a4edde76ab46e3c2949/634552.JPG","41","634552","005","SLD","RE","DETCH","103 AMHERST COMMONS","CHARLOTTESVILLE","0.11","3","K1165","9/9/2022","$689,000","10/13/2022","3.50","3","3,222"
"//cdnparap110.paragonrels.com/ParagonImages/Property/P11/CAAR/632952/0/120/90/b718b732dac1061e5f17757e4d8f1c90/3/42d602c73c2a4c0c1269413bd8912bf4/632952.JPG","55","632952","005","SLD","RE","DETCH","717 CARGIL LN","CHARLOTTESVILLE","0.27","29","K1142","7/21/2022","$719,900","9/29/2022","1.50","3","2,455"
"//cdnparap110.paragonrels.com/ParagonImages/Property/P11/CAAR/620642/0/120/90/8eb065d2c74abcc6d6b50de9f23f7f85/3/95b39d4c94f3c8d93c40346318c06492/620642.JPG","28","620642","001","SLD","RE","DETCH","3532 THICKET RUN PL","CHARLOTTESVILLE","0.15","0","K1165","10/12/2021","$700,322","11/17/2022","2.00","3","2,557"
"//cdnparap110.paragonrels.com/ParagonImages/Property/P11/CAAR/624172/0/120/90/efb20b33eb0d88a2dd6543b21211db52/3/019d8f9ceead58e3ce953bddfdf78da0/624172.JPG","26","624172","001","SLD","RE","DETCH","3484 THICKET RUN PL","CHARLOTTESVILLE","0.15","0","K1142","11/12/2021","$707,964","10/5/2022","4.50","5","4,596"
"//cdnparap110.paragonrels.com/ParagonImages/Property/P11/CAAR/630873/0/120/90/15795b62582b72f0c7cc682384139cfc/3/ba3e754c6740f5929cd873dda7240f3c/630873.JPG","67","630873","001","SLD","RE","DETCH","848 WOODLANDS RD","CHARLOTTESVILLE","6.04","4","K5475","5/25/2022","$699,000","9/9/2022","3.00","4","4,764"
"//cdnparap110.paragonrels.com/ParagonImages/Property/P11/CAAR/630843/0/120/90/6e5984163fa569bec833dc576bd2fc3c/3/eb7a2c1f4fcf90fbce0050de0634f921/630843.JPG","65","630843","001","SLD","RE","DETCH","1118 WOLFTRAP RD","CHARLOTTESVILLE","5.93","19","K1142","5/25/2022","$750,000","9/9/2022","3.50","4","4,822"
"//cdnparap110.paragonrels.com/ParagonImages/Property/P11/CAAR/635159/0/120/90/a186173ce5335d37c6741b65a967927b/3/fd17312b1c485188391669652b01f69a/635159.JPG","42","635159","005","SLD","RE","DETCH","464 NICHOLSON ST","CHARLOTTESVILLE","0.10","7","K1142","9/27/2022","$739,000","11/17/2022","2.50","3","3,306"
"//cdnparap110.paragonrels.com/ParagonImages/Property/P11/CAAR/625122/0/120/90/68f071d8d3e24293678673ef422e79d9/3/7a8e976a838f348d67b30c662e05e514/625122.JPG","1","625122","001","SLD","RE","DETCH","3424 THICKET RUN PL","CHARLOTTESVILLE","0.15","0","K1142","12/21/2021","$739,577","9/9/2022","3.50","5","4,162"
"//cdnparap110.paragonrels.com/ParagonImages/Property/P11/CAAR/613571/0/120/90/c0b88431bb667f0e383a3e4745414d43/3/f559a37095032ef62eaa9824001e9d42/613571.JPG","57","613571","001","SLD","RE","DETCH","3430 THICKET RUN PL","CHARLOTTESVILLE","0.15","0","K1165","2/13/2021","$739,559","9/1/2022","2.50","3","2,756"
"//cdnparap110.paragonrels.com/ParagonImages/Property/P11/CAAR/633608/0/120/90/6b139929b9908e74dbb2a7793b512196/3/697b59c912515b3b06d233e0bd137ffe/633608.JPG","39","633608","005","SLD","RE","DETCH","2333 HIGHLAND AVE","CHARLOTTESVILLE","0.12","5","K1142","8/11/2022","$650,000","10/21/2022","4.00","4","3,157"
"//cdnparap110.paragonrels.com/ParagonImages/Property/P11/CAAR/629416/0/120/90/3029bc0e3d9d1e6638601bf24879a371/3/9b25438a02e3be0f865fa105c41fe11d/629416.JPG","57","629416","001","SLD","RE","DETCH","3514 THICKET RUN PL","CHARLOTTESVILLE","0.15","0","K1165","4/23/2022","$742,820","11/3/2022","4.50","4","3,096"
"//cdnparap110.paragonrels.com/ParagonImages/Property/P11/CAAR/627108/0/120/90/5e18a6c82feca96da8c9546110845c5e/3/3d6fdb90204a9866b43930d0460f9c48/627108.JPG","51","627108","005","SLD","RE","DETCH","605 WATSON AVE","CHARLOTTESVILLE","0.35","205","K12","3/2/2022","$775,000","11/10/2022","2.50","5","3,020"
"//cdnparap110.paragonrels.com/ParagonImages/Property/P11/CAAR/633508/0/120/90/7864342ed3fdde1edcb87ffbf08af6e0/3/8df2f72e20d77e2d43c7e3010789559e/633508.JPG","35","633508","001","SLD","RE","DETCH","3395 COLEMAN DR","CHARLOTTESVILLE","4.08","2","K1083","8/7/2022","$719,900","9/8/2022","3.00","4","3,588"
"//cdnparap110.paragonrels.com/ParagonImages/Property/P11/CAAR/633436/0/120/90/574db4f2be1ceea7301b3b3e0a566039/3/83e5d0f46b9b746a7df4d7d272ce88c2/633436.JPG","41","633436","001","SLD","RE","DETCH","3358 WATTS PASSAGE","CHARLOTTESVILLE","5.48","6","K1142","8/4/2022","$695,000","9/13/2022","4.50","6","6,642"
"//cdnparap110.paragonrels.com/ParagonImages/Property/P11/CAAR/634048/0/120/90/312b0bd8f65ae544eff71586a0ddc9ad/3/7b2876d34e8aa7575eee0427b7fc4455/634048.JPG","39","634048","005","SLD","RE","DETCH","526 VALLEY RD","CHARLOTTESVILLE","0.23","3","K1083","8/24/2022","$795,000","11/10/2022","6.00","8","3,640"
"//cdnparap110.paragonrels.com/ParagonImages/Property/P11/CAAR/633355/0/120/90/5c36831e67204ac0a4609b526907ceb8/3/34bf88ed779573117dcbf7754a26fe84/633355.JPG","61","633355","001","SLD","RE","DETCH","1724 MONET HILL","CHARLOTTESVILLE","0.59","4","K1083","8/3/2022","$825,000","9/6/2022","3.50","5","4,983"
"//cdnparap110.paragonrels.com/ParagonImages/Property/P11/CAAR/633598/0/120/90/1cd40f84fb67074135b3e8b71cf072bf/3/286ed5d1db86549faf12ff04ddbadbd2/633598.JPG","68","633598","001","SLD","RE","DETCH","2115 BROWNSTONE LN","CHARLOTTESVILLE","0.62","30","K54","8/10/2022","$875,000","10/3/2022","4.50","6","5,382"
"//cdnparap110.paragonrels.com/ParagonImages/Property/P11/CAAR/631958/0/120/90/b3e8f1cbab3bc8b018b6d86c8bcf807e/3/d5f2eb0aa430cdbbdffc4c348433996a/631958.JPG","66","631958","001","SLD","RE","DETCH","2949 RIGGORY RIDGE RD","CHARLOTTESVILLE","5.04","37","K10218","6/22/2022","$925,000","9/15/2022","2.50","4","4,906"
"//cdnparap110.paragonrels.com/ParagonImages/Property/P11/CAAR/625932/0/120/90/7e72f20abe9a0f0586a22f98daf1b8d0/3/5c6647292b361c91b0294783675c45a4/625932.JPG","30","625932","005","SLD","RE","DETCH","407 LOCHLYN HILL DR","CHARLOTTESVILLE","0.16","0","K10582","1/27/2022","$844,000","10/14/2022","2.50","3","3,055"
"//cdnparap110.paragonrels.com/ParagonImages/Property/P11/CAAR/628670/0/120/90/bb52bb895b0a355bf04f90db36bd3d48/3/42f00e872975010e60ae1c89afed82e8/628670.JPG","50","628670","001","SLD","RE","DETCH","769 BELVEDERE BLVD","CHARLOTTESVILLE","0.10","122","K1142","4/7/2022","$875,000","9/28/2022","4.50","6","4,976"
"//cdnparap110.paragonrels.com/ParagonImages/Property/P11/CAAR/633290/0/120/90/d070f929e658a725327131ed24c80b34/3/7a3e26da93cae706aac9a8e5d4133254/633290.JPG","70","633290","001","SLD","RE","DETCH","325 JEFFERS DR","CHARLOTTESVILLE","8.70","8","K10582","8/1/2022","$925,000","10/3/2022","3.50","4","4,869"
"//cdnparap110.paragonrels.com/ParagonImages/Property/P11/CAAR/635257/0/120/90/ba0a531320b1edd918ab441fa66c27e3/3/398e496dfb53a28cf9be2ee5b9db5443/635257.JPG","35","635257","001","SLD","RE","DETCH","12 OLD FARM RD","CHARLOTTESVILLE","1.10","0","K1142","9/30/2022","$930,000","10/26/2022","2.00","3","2,828"
"//cdnparap110.paragonrels.com/ParagonImages/Property/P11/CAAR/632749/0/120/90/e4064064f4faf74293e25dd516302f7c/3/07dd23895a1a3da858f0646a37ea02ab/632749.JPG","26","632749","005","SLD","RE","DETCH","1360 HILLTOP RD","CHARLOTTESVILLE","0.64","106","K80","7/15/2022","$1,050,000","11/21/2022","2.50","3","3,441"
"//cdnparap110.paragonrels.com/ParagonImages/Property/P11/CAAR/629549/0/120/90/e48cd4f00bfb89df7a4f5b6ae540b639/3/79abc002b5dcae85bc0d5a3fae004833/629549.JPG","75","629549","001","SLD","RE","DETCH","340 CEDAR BLUFF RD","CHARLOTTESVILLE","4.01","125","K1142","4/26/2022","$1,000,000","11/3/2022","4.00","4","6,905"
"//cdnparap110.paragonrels.com/ParagonImages/Property/P11/CAAR/634715/0/120/90/2dc8ed1b2f6914c3a08c5941696ea8a7/3/476983464a0f178849248c80b68b60a9/634715.JPG","59","634715","001","SLD","RE","DETCH","2024 ASPEN DR","CHARLOTTESVILLE","0.46","2","K1142","9/14/2022","$995,000","10/27/2022","3.50","4","4,579"
"//cdnparap110.paragonrels.com/ParagonImages/Property/P11/CAAR/633303/0/120/90/da3766a66401839daca8be7e50b83164/3/a62289b39ed0fcfcc57caa3a2d9e1fc4/633303.JPG","63","633303","001","SLD","RE","DETCH","1552 KENDRA ST","CHARLOTTESVILLE","1.05","4","K1083","8/1/2022","$974,900","10/5/2022","3.50","4","6,564"
"//cdnparap110.paragonrels.com/ParagonImages/Property/P11/CAAR/633932/0/120/90/7046e441273f9c0cb0657906e502bef9/3/ca3b4a6568e89c25d148373802b4af15/633932.JPG","60","633932","005","SLD","RE","DETCH","308 KENT RD","CHARLOTTESVILLE","0.37","10","K10299","8/21/2022","$1,037,000","10/3/2022","3.00","4","3,459"
"//cdnparap110.paragonrels.com/ParagonImages/Property/P11/CAAR/633461/0/120/90/9dca457e18ad0645ac602ca2997fe9c5/3/964195b89ad68c0f843ce12150a66439/633461.JPG","57","633461","001","SLD","RE","DETCH","2012 ASPEN DR","CHARLOTTESVILLE","0.47","1","K1083","8/6/2022","$989,000","9/23/2022","3.50","4","5,209"
"//cdnparap110.paragonrels.com/ParagonImages/Property/P11/CAAR/635444/0/120/90/bbf040759b84175849913973b21107d4/3/d02b392250029d8df433bce5ed387f57/635444.JPG","40","635444","005","SLD","RE","DETCH","217 DOUGLAS AVE","CHARLOTTESVILLE","0.25","5","K1142","10/6/2022","$975,000","11/1/2022","2.50","4","2,648"
"//cdnparap110.paragonrels.com/ParagonImages/Property/P11/CAAR/635073/0/120/90/84ddf831eb88f8c94e744915694e384b/3/45d3bef2d27a01c353ff0403e46f6501/635073.JPG","1","635073","001","SLD","RE","DETCH","6574 DICK WOODS RD","CHARLOTTESVILLE","5.51","0","K1083","9/23/2022","$1,030,775","9/23/2022","4.50","4","5,723"
"//cdnparap110.paragonrels.com/ParagonImages/Property/P11/CAAR/625679/0/120/90/b3471cc8667607d2d53044175d9248db/3/9abd3d1263c150c2a5ada2e8c7a25cba/625679.JPG","1","625679","001","SLD","RE","DETCH","921 BELLUNO CT","CHARLOTTESVILLE","0.20","0","K1083","7/27/2022","$1,033,565","11/18/2022","5.00","6","5,107"
"//cdnparap110.paragonrels.com/ParagonImages/Property/P11/CAAR/634278/0/120/90/2b9a511c55038582140a0528c039dca7/3/f9d34246da5eb1ed205ea31fcd8864b0/634278.JPG","68","634278","001","SLD","RE","DETCH","2270 OWENSVILLE RD","CHARLOTTESVILLE","2.00","5","K10390","8/31/2022","$975,000","10/13/2022","4.50","5","6,073"
"//cdnparap110.paragonrels.com/ParagonImages/Property/P11/CAAR/624638/0/120/90/300292117caf6126f7a0491720d6728f/3/a9a4d641082cdacfdda3e1365c8f3bd6/624638.JPG","63","624638","005","SLD","RE","DETCH","425 LOCHLYN HILL DR","CHARLOTTESVILLE","0.17","0","K10582","11/30/2021","$1,126,000","10/3/2022","3.50","3","3,830"
"//cdnparap110.paragonrels.com/ParagonImages/Property/P11/CAAR/633417/0/120/90/4df1ae9e8d462dd8b59a3a3988ed0b74/3/61045ecef8c951f469247eb5d9e4c9b7/633417.JPG","55","633417","001","SLD","RE","DETCH","699 IVY DEPOT RD","CHARLOTTESVILLE","3.20","45","K1083","8/4/2022","$1,249,000","10/31/2022","3.00","4","5,017"
"//cdnparap110.paragonrels.com/ParagonImages/Property/P11/CAAR/634832/0/120/90/7776167b0d5ca22a25d99e1f9a5e0040/3/4a9dc95c85f4bfc5a33598a410be36ac/634832.JPG","70","634832","001","SLD","RE","DETCH","1411 KENDRA CIR","CHARLOTTESVILLE","1.00","3","K1344","9/16/2022","$1,185,000","10/27/2022","5.50","6","6,485"
"//cdnparap110.paragonrels.com/ParagonImages/Property/P11/CAAR/618097/0/120/90/7a58f497305fd437b408b052cca47575/3/c4a8e46028e4cc73854adbb7acd758be/618097.JPG","1","618097","001","SLD","RE","DETCH","6564 DICK WOODS RD","CHARLOTTESVILLE","6.70","0","K1083","7/27/2022","$1,168,159","9/9/2022","3.50","4","4,900"
"//cdnparap110.paragonrels.com/ParagonImages/Property/P11/CAAR/632801/0/120/90/05d8104275acc34eb4a8c6424f40e4f5/3/dcc89d3b69ea2760a6662b26d2e7633c/632801.JPG","52","632801","001","SLD","RE","DETCH","2743 FREE UNION RD","CHARLOTTESVILLE","4.07","6","K1353","7/16/2022","$1,195,000","9/7/2022","3.50","4","3,488"
"//cdnparap110.paragonrels.com/ParagonImages/Property/P11/CAAR/622132/0/120/90/5e4ea6e0cc1bf140564e845700fbada2/3/e7d3e885a83300d5ccaf726148d5ba20/622132.JPG","64","622132","001","SLD","RE","DETCH","4189 RED HILL RD","CHARLOTTESVILLE","10.07","319","K67","9/14/2021","$1,299,900","9/26/2022","4.00","4","8,932"
"//cdnparap110.paragonrels.com/ParagonImages/Property/P11/CAAR/634087/0/120/90/cfb423e3345045cf60e29ae31c9001ac/3/04ec1a531fdab59cf647c9995045865a/634087.JPG","47","634087","005","SLD","RE","DETCH","938 ROSSER LN","CHARLOTTESVILLE","0.51","7","K1142","8/25/2022","$1,275,000","11/10/2022","3.50","4","3,969"
"//cdnparap110.paragonrels.com/ParagonImages/Property/P11/CAAR/633733/0/120/90/7a7a334a4ebe510e40beccbe41ea35e9/3/58b84ee04ec27ac61e46704247a5ceb3/633733.JPG","35","633733","001","SLD","RE","DETCH","428 EDNAM DR","CHARLOTTESVILLE","1.52","9","K1083","8/15/2022","$1,395,000","9/23/2022","3.50","4","4,421"
"//cdnparap110.paragonrels.com/ParagonImages/Property/P11/CAAR/632757/0/120/90/e892ed94fdea48fe901a9581fdf45f19/3/14b1c0b97e1f9efda5b7a3b93f78af80/632757.JPG","45","632757","001","SLD","RE","DETCH","6721 FOSTER RDG","CHARLOTTESVILLE","21.94","6","K94","7/15/2022","$1,300,000","9/8/2022","4.50","4","8,324"
"//cdnparap110.paragonrels.com/ParagonImages/Property/P11/CAAR/632279/0/120/90/4defac995f702cdc0ab3b22503bde3ea/3/a7dd1185b5359324316d44d8280662dd/632279.JPG","52","632279","005","SLD","RE","DETCH","1112 RUGBY RD","CHARLOTTESVILLE","0.33","94","K10428","6/30/2022","$1,575,000","10/26/2022","4.00","4","4,361"
"//cdnparap110.paragonrels.com/ParagonImages/Property/P11/CAAR/622827/0/120/90/cd4f4683a7d7d27bc3ff52f6721a6243/3/a81093215d4598ca8a7db877ceb3fd5c/622827.JPG","50","622827","001","SLD","RE","DETCH","2744 PROFFIT CROSSING LN","CHARLOTTESVILLE","2.55","0","K1083","10/3/2021","$1,550,000","9/1/2022","5.50","4","7,410"
"//cdnparap110.paragonrels.com/ParagonImages/Property/P11/CAAR/633081/0/120/90/163d4cf9f1069cf69050698803db124f/3/b9e750018f274160e941e0ffd267ad79/633081.JPG","74","633081","001","SLD","RE","DETCH","705 INGLESIDE LN","CHARLOTTESVILLE","5.58","39","K10582","7/25/2022","$2,000,000","11/17/2022","6.00","6","7,956"
"//cdnparap110.paragonrels.com/ParagonImages/Property/P11/CAAR/629905/0/120/90/abc3f4f6b898b40769d2c582d59e98ce/3/f7a567795746c9ae7d43c8689eb6795b/629905.JPG","74","629905","001","SLD","RE","DETCH","410 HOUNDSTOOTH CT","CHARLOTTESVILLE","2.22","83","K1321","5/4/2022","$1,795,000","9/22/2022","6.50","4","6,807"
"//cdnparap110.paragonrels.com/ParagonImages/Property/P11/CAAR/633983/0/120/90/8670a6d55529db2bcb366e33f89b93be/3/cf4c4ec35b6ca18f5aab004f30ca113e/633983.JPG","40","633983","001","SLD","RE","DETCH","204 DEVON RD","CHARLOTTESVILLE","1.39","4","K10268","8/23/2022","$1,625,000","9/19/2022","4.50","5","5,433"
"//cdnparap110.paragonrels.com/ParagonImages/Property/P11/CAAR/617063/0/120/90/063ef276f2fb1c274a1c84d672ebf6a6/3/021912d6905aa45f22450d89d5cff6ff/617063.JPG","1","617063","001","SLD","RE","DETCH","2394 SUMMIT RIDGE TRL","CHARLOTTESVILLE","1.07","0","K323","5/4/2021","$1,714,000","9/21/2022","4.50","4","6,627"
"//cdnparap110.paragonrels.com/ParagonImages/Property/P11/CAAR/630313/0/120/90/c68e5d1c08bad266d47fad6edb33ee00/3/01bf67070f3b7a90f37e0dd2fc483410/630313.JPG","75","630313","001","SLD","RE","DETCH","2715 FRAYS MEADOW CT","CHARLOTTESVILLE","6.49","96","K1344","5/13/2022","$2,250,000","10/6/2022","5.50","5","10,568"
"//cdnparap110.paragonrels.com/ParagonImages/Property/P11/CAAR/631077/0/120/90/4cb19fa70cbdd0d0a84fbffb4e307c71/3/fb4d9a5f6b73dca8bb58e097d8315e54/631077.JPG","60","631077","001","SLD","RE","DETCH","106 REYNARD DR","CHARLOTTESVILLE","1.46","63","K12","6/1/2022","$2,350,000","9/15/2022","4.50","4","7,384"
"//cdnparap110.paragonrels.com/ParagonImages/Property/P11/CAAR/632010/0/120/90/96e6792f1e98d65450beca1da014f661/3/c4b0a0d2e5ddf4a240f3448eb388d25b/632010.JPG","48","632010","001","SLD","RE","DETCH","1435 WALDEMAR DR","CHARLOTTESVILLE","21.85","42","K10268","6/23/2022","$2,900,000","10/7/2022","5.00","4","7,836"
